Category,Content
Medicine,"A multidisciplinary team has developed a smart patch that continuously monitors glucose levels and transmits data via Bluetooth to a mobile application. The patch is powered by a flexible battery and uses a biosensor embedded with nanoscale circuitry. In collaboration with endocrinologists, software engineers refined the real-time alert system to notify patients of any dangerous fluctuations. Data is encrypted and stored in a HIPAA-compliant cloud infrastructure."
Medicine,"Hospitals are increasingly adopting Internet of Things (IoT) technology to manage medical equipment and track patient vitals remotely. One such system integrates wearable sensors with AI-based analytics to predict complications before they become critical. The backend is built using a microservices architecture, ensuring scalability and fast response times. Developers and clinicians continue to collaborate to fine-tune the alert thresholds and reduce false positives."
Medicine,"Scientists have trained a large language model on millions of clinical documents to assist physicians in diagnostic decision-making. The model, which shares architecture with general-purpose NLP systems like GPT, is fine-tuned on electronic health records. A custom interface allows it to suggest possible diagnoses based on symptoms and medical history. The research team emphasizes that despite using common machine learning techniques, the system is tightly integrated into hospital workflows."
Medicine,"Researchers have developed a virtual reality (VR) system that helps stroke patients regain motor function through simulated physical therapy. The system uses motion-tracking sensors and a machine learning model to personalize exercises in real time. While the hardware was designed by computer engineers, neurologists provided input on therapy protocols. The data gathered from sessions is used to refine the algorithm and improve recovery predictions."
Medicine,"A university research group has created a robotic arm powered by AI that assists in delicate surgical operations. The arm uses real-time image processing to detect tissue boundaries and avoid critical nerves during incisions. It’s trained on thousands of annotated medical images and operates in conjunction with a human surgeon. Despite its engineering complexity, its primary use is to improve surgical safety and outcomes."
Technical,"A leading tech company has released an open-source toolkit that allows developers to create privacy-preserving health applications using federated learning. The platform ensures that patient data remains on-device while still contributing to the global training model. Although currently tested in collaboration with a healthcare provider, the underlying architecture can be used for various industries. The main goal is to advance edge computing and secure AI development."
Technical,"A cybersecurity firm has introduced an AI-powered firewall specifically designed for hospital networks, capable of detecting and neutralizing ransomware attacks targeting patient data. The firewall uses deep packet inspection and anomaly detection trained on healthcare-specific traffic patterns. Although it operates in a medical context, the product is fundamentally an advancement in network security. Engineers emphasize that it can be adapted for banks and other data-heavy sectors."
Technical,"A new software framework built on top of a distributed computing architecture is being used to simulate protein folding at a previously unreachable scale. The system utilizes deep learning models running on high-performance GPUs to predict structural changes in molecules. While originally designed for drug discovery, the framework is being adapted for use in physics and materials science as well. Its success shows how medical research often pushes the boundaries of computational infrastructure."
Technical,"A blockchain-based health data simulator has been developed to generate synthetic patient records for testing cloud storage security protocols. These records mimic real-world EMR formats, including lab results, diagnoses, and medication histories. While the datasets resemble those used in hospital systems, the simulator’s main function is to evaluate encryption efficiency and data transfer latency under various network conditions. It’s primarily used by DevOps teams to stress-test backend performance in health-related applications."
Technical,"A leading tech startup has released a new data compression algorithm originally inspired by genomic sequence alignment techniques. The algorithm was first tested using large sets of anonymized DNA data due to its complex and repetitive structure. Now, it's being adapted for use in financial transaction logs and sensor data streams. Although the early research involved collaboration with bioinformatics experts, the current focus is entirely on improving performance in non-medical data environments."
